sample_id,n_references,ani_min,ani_max,ani_mean,ani_median,ani_std,af_min,af_max,af_mean,af_median,af_std,quality_min,quality_max,quality_mean,quality_median,quality_std
PAL001,100,98.79,99.69,99.48200000000001,99.55,0.19406861225510574,89.72,95.32,92.834,92.965,1.0281325622975708,92.2,98.2,94.289,92.55000000000001,2.159587268835659
PAL004,52,97.35,100.0,98.90711538461538,99.61500000000001,1.1460406462669308,90.09,99.35,94.32499999999999,94.305,3.089423132903224,94.6,99.0,98.56153846153846,99.0,1.0049200233817948
PAL005,18,99.33,99.99,99.64222222222222,99.6,0.20612833111653825,81.48,94.93,89.27333333333334,89.485,2.9073436430569273,95.8,99.0,98.23333333333333,98.7,1.0157581926237937
PAL006,100,98.41,100.0,99.0468,98.995,0.37114042102848727,87.91,99.7,92.64540000000001,92.27000000000001,2.838779941375435,88.0,98.6,94.536,94.7,1.7874150400096076
PAL008,100,98.7,100.0,99.3259,99.535,0.4050292295226108,80.11,99.71,88.6909,91.025,3.7119493354148614,88.8,98.5,94.15100000000001,92.4,2.450252306117939
PAL010,50,96.68,99.96,98.50399999999999,98.775,0.8698979531988795,74.37,98.04,85.0624,85.78,5.571565038621713,78.3,97.1,95.07799999999999,96.5,3.226882617724331
PAL011,100,98.79,99.91,99.06569999999999,98.95,0.28343582816375174,81.84,93.94,89.5041,89.69,2.2390709179830814,88.1,98.5,93.416,92.4,2.1933195173185585
PAL012,100,98.63,99.54,99.00120000000001,98.935,0.2615272935135551,77.05,89.36,84.40460000000002,84.3,3.083565567011761,90.4,98.5,95.038,95.75,2.4922011689802854
PAL013,100,98.93,99.99,99.3349,99.39,0.23354317404158043,86.24,99.2,93.8342,94.18,1.8502471470186121,90.4,98.5,93.25399999999999,92.1,2.2190370101747323
PAL014,100,98.65,99.99,99.27959999999999,99.435,0.3891168970835755,79.94,99.59,88.414,90.72999999999999,3.696253358319598,88.8,98.5,94.108,92.4,2.4249411114374277
PAL015,100,95.74,98.49,96.84989999999999,95.985,1.1577062789338446,80.49,90.9,86.7734,86.505,2.4505819634519383,86.6,98.5,94.589,95.35,2.573991711978361
PAL016,100,98.7,99.93,99.0974,99.02,0.26520287641080514,80.92,94.95,88.7331,88.43,2.8719034953961677,89.9,98.5,93.699,92.4,2.3725916018335065
PAL017,100,97.3,99.99,98.26639999999999,98.28,0.7124187283083105,86.39,97.43,89.6822,89.245,2.1780686375546057,92.8,98.7,98.296,98.7,0.9810239960409136
PAL018,100,98.46,99.99,99.00399999999999,98.975,0.37568254382839517,87.19,98.9,91.899,91.515,2.831577174107958,88.0,98.6,94.536,94.7,1.7874150400095934
PAL022,100,98.87,100.0,99.37540000000001,99.14500000000001,0.4604069785077095,82.91,99.75,92.4666,91.055,5.350273517033559,81.9,98.5,93.11,92.4,3.527339112152561
PAL023,100,98.21,98.9,98.471,98.48,0.12113520286744399,80.09,90.54,84.4974,84.43,2.068321732197096,81.8,99.9,96.865,98.8,4.2501188337516105
PAL025,100,95.67,98.62,96.861,95.99,1.2505889521632365,76.35,88.03,83.77600000000001,83.765,2.6123158192289773,86.6,98.5,94.595,94.80000000000001,2.6311028144491093
PAL026,10,94.02,99.99,96.786,96.21000000000001,2.8430351543533257,68.06,99.1,82.268,78.975,11.697143810919542,90.5,97.5,93.75,93.1,2.7673693886673925
PAL027,100,98.19,99.8,98.4601,98.36500000000001,0.3547270824596005,75.7,91.7,83.18090000000001,83.295,3.031784184838087,91.7,98.5,94.895,95.3,2.2605253255548163
PAL030,100,98.76,99.77,99.09190000000001,99.01,0.28398568394701185,78.36,92.76,86.2706,86.055,3.426446703233693,89.9,98.5,94.085,92.4,2.5343847499158554
PAL031,10,91.59,100.0,93.428,91.875,3.4693508838910425,71.99,99.36,79.851,76.56,10.632792514982446,81.5,91.3,87.58,88.55,3.9798939126006285
PAL033,100,97.36,99.06,98.31219999999999,98.36,0.2236003830791279,84.92,94.04,88.4457,88.52,1.1544496743059207,90.9,99.8,97.491,97.7,1.414577425568949
PAL034,14,98.08,98.7,98.30142857142857,98.285,0.19848879615183673,83.46,87.86,85.74214285714287,85.83500000000001,1.2036813951785164,68.0,79.0,73.35714285714286,74.25,3.4026492587426627
PAL035,100,97.03,99.99,98.1673,98.33,0.5826530318770685,79.31,93.73,84.3671,84.465,2.372002646616475,92.8,98.7,98.307,98.7,0.980955522627669
PAL042,100,97.59,100.0,98.5573,98.065,0.9258257084485507,83.85,99.92,90.16629999999999,87.77,5.277209175006014,85.0,98.6,89.30799999999999,89.9,1.596313935859168
PAL043,100,95.78,98.54,96.97030000000001,96.09,1.1765146738472076,81.48,91.21,87.70309999999999,87.75,2.5111374922633245,86.6,98.5,94.242,92.8,2.58992531384848
PAL044,100,98.67,99.99,99.1944,98.94,0.46880747055100996,83.62,99.81,90.0523,87.69,4.58889367512653,89.1,98.3,95.061,95.6,2.3338049306969575
PAL045,100,97.01,100.0,98.73700000000001,99.10499999999999,0.9266868321328734,82.45,99.34,92.4182,93.35499999999999,2.8814868426287115,71.7,100.0,88.17,89.55,5.892307945898015
PAL046,10,80.22,97.97,86.824,84.02,6.084554580611836,6.28,89.21,42.79,31.235,25.87934998325026,86.7,98.7,89.74,89.35,3.4377641312664586
PAL050,100,97.94,99.1,98.3567,98.36500000000001,0.19677734430650856,76.2,88.42,82.86309999999999,82.875,2.162217667679243,81.7,99.9,96.95299999999999,98.8,4.066603452067046
PAL051,10,91.03,100.0,93.931,91.61,4.160121392459601,69.25,99.33,79.442,71.33500000000001,13.798512641263592,46.3,91.3,84.72,88.55,13.707807993986489
PAL052,100,97.82,99.1,98.4711,98.46,0.3058351539868219,70.95,84.54,77.947,77.575,2.6936432839955167,81.2,99.9,96.88799999999999,98.8,4.229413121644107
PAL054,100,98.82,100.0,99.4858,99.72,0.5118972040114391,83.78,99.41,94.351,96.03999999999999,4.392923027697262,88.8,98.5,93.611,92.4,2.2711584282168893
PAL055,100,97.82,99.95,98.72139999999999,98.7,0.3788819810383803,76.6,99.02,87.1727,86.845,2.940355525469934,62.8,99.5,76.753,74.45,8.801646482794027
PAL059,10,82.49,99.99,91.24199999999999,91.25,9.158340218377765,27.39,99.71,63.94,63.855,36.64607270151119,84.3,92.5,91.05,91.3,2.4368695765948067
PAL060,10,83.49,95.71,93.112,95.46,5.07000942361605,33.98,86.09,74.885,85.105,21.5299910976913,89.8,90.4,90.15,90.25,0.27988092706244583
PAL062,57,98.02,98.99,98.45894736842105,98.46,0.19144827920099808,70.85,84.42,80.41859649122806,80.51,2.0103743775338487,72.5,99.5,82.23508771929824,80.9,7.76736513580262
PAL063,100,97.87,100.0,98.9959,98.96,0.4259062708098461,82.79,99.85,88.60940000000001,88.36,3.0479086454667557,88.6,99.7,97.43,98.05,1.544393575210517
PAL064,100,97.16,99.55,98.4024,98.46,0.25706627687635303,83.13,94.59,87.2696,87.285,1.271497105340355,90.9,99.8,97.43299999999999,97.7,1.4091372100571466
PAL070,100,97.7,99.6,98.43639999999999,98.39,0.4033759556743096,70.88,91.06,79.4092,78.86,3.8434056551843496,72.5,99.9,96.262,98.8,5.993056251389869
PAL073,100,97.98,99.11,98.5335,98.49,0.2985837784061103,72.38,87.58,78.68939999999999,78.295,2.7824485329263235,76.6,99.9,96.78399999999999,98.8,4.610215271382099
PAL074,21,97.82,99.99,98.35333333333334,98.12,0.7026331427803042,80.22,98.32,84.52285714285715,82.62,5.675496579910115,79.7,89.0,86.24285714285713,86.5,1.8475852966971322
PAL075,10,83.39,99.98,88.229,84.83500000000001,6.426816128967409,1.39,98.2,28.302000000000003,2.1399999999999997,39.519864147314856,90.8,95.4,93.72,94.15,1.6565023392678895
PAL076,100,95.82,99.94,97.085,96.13,1.2566128113208743,82.66,97.88,88.58879999999999,88.93,2.3560077000783144,86.6,98.5,94.57700000000001,94.65,2.6844804624983527
PAL077,100,98.74,99.65,99.0053,98.93,0.20511861559753566,84.28,96.81,91.00120000000001,91.14500000000001,2.2914638609986073,88.0,98.5,93.62100000000001,92.4,2.7453282632004563
PAL078,100,98.79,99.9,99.1942,99.045,0.3672369669559258,81.27,91.64,87.59639999999999,87.315,2.4298852780834026,92.1,98.5,94.789,95.6,2.4522467537778825
PAL081,100,97.69,99.57,98.4692,98.475,0.3136223038863003,71.68,89.1,79.5541,79.175,3.1310478753892896,77.3,99.9,96.789,98.8,4.5865172412235085
PAL082,100,98.92,99.99,99.3196,99.37,0.22916149305455022,84.91,97.67,92.37889999999999,92.8,1.9878346652993182,90.4,98.5,93.40100000000001,92.1,2.3432471211349193
PAL084,10,81.83,99.99,86.21799999999999,82.66499999999999,7.325233102093061,1.3,99.61,21.259,1.6949999999999998,41.23990420562212,68.0,80.3,76.14,79.19999999999999,5.30370939374824
PAL086,10,80.45,99.99,85.554,80.68,8.218273946922594,1.49,97.78,23.397,6.3,37.745090939087696,89.2,98.6,95.85,97.45,3.0721870602769816
PAL088,100,96.21,99.03,97.5215,97.185,0.7914739797403675,77.64,89.6,83.9711,82.39500000000001,3.3202457907677703,70.3,100.0,89.04899999999999,89.65,5.250213944654686
PAL089,100,98.77,99.84,99.28229999999999,99.37,0.2949331545563599,84.25,95.24,91.0184,91.745,2.263265148256641,89.1,98.5,94.02300000000001,92.4,2.4279456752613306
PAL091,100,97.05,100.0,98.5411,98.80000000000001,0.7427574817985054,87.47,99.35,92.28219999999999,92.605,2.7698074833730817,89.6,98.7,98.15299999999999,98.7,1.4718541182653038
PAL094,10,80.56,99.99,83.138,81.145,5.976665365309392,10.05,99.39,22.959,15.085,26.94943266770399,90.8,98.7,96.56,97.0,2.194032310103427
PAL095,10,97.43,99.99,98.701,98.3,1.1202623700623866,76.77,98.06,86.09400000000001,80.86,9.061648366114811,68.0,79.0,73.71000000000001,75.44999999999999,3.7866578638395323
PAL096,100,97.15,99.89,98.1566,97.71,0.7791075184161274,77.08,92.74,85.2516,83.89500000000001,3.3515438083053612,85.0,98.6,89.56,89.9,1.3684024453812016
PAL100,100,97.29,99.99,98.3708,98.6,0.5953721864548531,79.53,94.33,84.70120000000001,84.905,2.375448614727763,92.8,98.7,98.329,98.7,0.970816068255904
PAL103,100,98.82,99.62,98.9916,98.99,0.1155375665873644,81.31,94.45,88.29719999999999,89.055,1.967884615160615,89.1,98.5,94.089,92.4,2.4096982081882077
PAL110,100,97.15,99.75,98.1829,98.4,0.6067054516406789,79.33,87.45,83.66959999999999,83.71000000000001,1.2609207153921527,93.3,98.7,98.395,98.7,0.7933276037480964
PAL113,75,97.97,99.87,98.60253333333333,98.53,0.3465392350678957,73.31,93.46,82.9672,82.24,3.5116195385866895,55.1,99.5,78.74933333333333,76.5,9.776839335254893
PAL122,3,97.17,97.67,97.33666666666666,97.17,0.2886751345948108,71.37,74.23,73.27666666666667,74.23,1.6512217698823295,85.8,96.3,92.76666666666667,96.2,6.033517492585345
PAL124,100,97.42,99.51,98.3609,98.44,0.26287107490214473,83.12,94.48,87.27120000000001,87.33,1.2646437435024187,90.9,99.8,97.43299999999999,97.7,1.4091372100571562
PAL151,100,98.86,99.99,99.3206,99.32499999999999,0.41468454604346144,88.97,99.53,94.4267,94.33,2.637842727026232,88.8,98.3,94.67299999999999,95.6,2.501912601724264
PAL163,100,97.13,99.66,98.17049999999999,98.31,0.5054978044492491,87.43,96.01,89.93469999999999,89.765,1.490142325925674,96.7,98.7,98.454,98.7,0.48459500950001677
PAL167,4,83.31,83.98,83.73,83.815,0.29063149634316576,20.38,21.82,21.3675,21.634999999999998,0.6685992820815774,72.6,91.1,86.475,91.1,9.25
PAL186,100,98.91,99.84,99.1619,99.07,0.2589711383630225,85.77,97.04,91.9506,92.17,2.5119965981447825,88.8,98.5,93.789,92.4,2.361043041205365
PAL195,100,96.78,99.58,97.9917,97.565,0.818774712789199,72.43,81.62,75.7496,74.62,2.503897132169143,86.7,98.7,96.781,97.4,2.050015767369758
